{
  "/home/zen-zap/Code/rune/Cargo.toml": 1749043480.3650153,
  "/home/zen-zap/Code/rune/src/parser.rs": 1749133143.986661,
  "/home/zen-zap/Code/rune/src/dispatcher.rs": 1749133143.985661,
  "/home/zen-zap/Code/rune/src/lib.rs": 1749133143.985661,
  "/home/zen-zap/Code/rune/src/main.rs": 1750705291.7366157,
  "/home/zen-zap/Code/julis/Cargo.toml": 1748707743.1475866,
  "/home/zen-zap/Code/julis/src/mandel.rs": 1748707641.953395,
  "/home/zen-zap/Code/julis/src/lib.rs": 1747071837.8468285,
  "/home/zen-zap/Code/julis/src/main.rs": 1748707755.1497593,
  "/home/zen-zap/Code/julis/target/debug/build/x11-dl-3f784dc054166dc6/out/config.rs": 1747070745.531032,
  "/home/zen-zap/Code/mini_tcp/Cargo.toml": 1738086146.9849474,
  "/home/zen-zap/Code/mini_tcp/src/tcp.rs": 1738152322.2747889,
  "/home/zen-zap/Code/mini_tcp/src/lib.rs": 1738154588.1939394,
  "/home/zen-zap/Code/mini_tcp/src/main.rs": 1738154560.5974264,
  "/home/zen-zap/Code/blog_os/rust-toolchain.toml": 1747072558.2581122,
  "/home/zen-zap/Code/blog_os/Cargo.toml": 1747425252.937743,
  "/home/zen-zap/Code/blog_os/tests/heap_allocation.rs": 1747225047.522646,
  "/home/zen-zap/Code/blog_os/tests/should_panic.rs": 1742562803.1057546,
  "/home/zen-zap/Code/blog_os/tests/stack_overflow.rs": 1743080344.3600829,
  "/home/zen-zap/Code/blog_os/tests/basic_boot.rs": 1742557222.4105563,
  "/home/zen-zap/Code/blog_os/src/scanc.rs": 1747248946.992115,
  "/home/zen-zap/Code/blog_os/src/gdt.rs": 1743077718.3734431,
  "/home/zen-zap/Code/blog_os/src/vga_buffer.rs": 1744121041.566982,
  "/home/zen-zap/Code/blog_os/src/serial.rs": 1743227796.1160183,
  "/home/zen-zap/Code/blog_os/src/lib.rs": 1747425252.938743,
  "/home/zen-zap/Code/blog_os/src/main.rs": 1747425252.938743,
  "/home/zen-zap/Code/blog_os/src/memory.rs": 1746959710.5093718,
  "/home/zen-zap/Code/blog_os/src/allocator.rs": 1747254816.680684,
  "/home/zen-zap/Code/blog_os/src/interrupts.rs": 1747425252.938743,
  "/home/zen-zap/Code/blog_os/src/allocator/linked_list.rs": 1747239326.7752013,
  "/home/zen-zap/Code/blog_os/src/allocator/fixed_size_block.rs": 1747254785.5417523,
  "/home/zen-zap/Code/blog_os/src/allocator/bump.rs": 1747168543.1923501,
  "/home/zen-zap/Code/blog_os/src/task/keyboard.rs": 1747425252.938743,
  "/home/zen-zap/Code/blog_os/src/task/mod.rs": 1747425252.938743,
  "/home/zen-zap/Code/blog_os/src/task/simple_executor.rs": 1747425252.938743,
  "/home/zen-zap/Code/blog_os/src/task/executor.rs": 1747425252.938743,
  "/home/zen-zap/Code/blog_os/target/bootimage/bootloader/x86_64-bootloader/release/build/bootloader-3d547317fb62db18/out/bootloader_config.rs": 1744823687.5937443,
  "/home/zen-zap/Code/blog_os/target/bootimage/bootloader/x86_64-bootloader/release/build/bootloader-956e40f6eb41fa40/out/bootloader_config.rs": 1747424476.1241624,
  "/home/zen-zap/Code/blog_os/target/bootimage/bootloader/x86_64-bootloader/release/build/bootloader-5c6a836f20ddf4d4/out/bootloader_config.rs": 1747169886.7258663,
  "/home/zen-zap/Code/blog_os/.cargo/config.toml": 1747425252.937743,
  "/home/zen-zap/Code/lox/rustfmt.toml": 1745019252.473937,
  "/home/zen-zap/Code/lox/Cargo.toml": 1743445393.275128,
  "/home/zen-zap/Code/lox/src/parser.rs": 1745019263.567419,
  "/home/zen-zap/Code/lox/src/err.rs": 1744009675.7644475,
  "/home/zen-zap/Code/lox/src/asth.rs": 1745019263.5434158,
  "/home/zen-zap/Code/lox/src/lexer.rs": 1745019263.5514169,
  "/home/zen-zap/Code/lox/src/binds.rs": 1745019263.544416,
  "/home/zen-zap/Code/lox/src/token_type.rs": 1745019263.5684192,
  "/home/zen-zap/Code/lox/src/lib.rs": 1745019263.5514169,
  "/home/zen-zap/Code/lox/src/main.rs": 1745019263.5704195
}